<?xml version="1.0" encoding="UTF-8"?>
<Base>
	<Wrapper name="wrapper">
		<SkipNavigation/>
		<Header/>
		<Navigation/>
		<Breadcrumbs/>
		<Wrapper name="primary-content">
			<AdminLogin/>
		</Wrapper>
		<Wrapper name="secondary-content">
			<Search/>
			<PostIt/>
			<RecentArticles/>
			<RecentComments/>
			<ArticleCalendar/>
			<RandomArticleImages/>
		</Wrapper>
		<Wrapper name="tertiary-content">
			<RandomLinks/>
			<TagCloud/>
			<StyleSwitcher/>
		</Wrapper>
		<Footer/>
	</Wrapper>
</Base>
